state,product_title,primary_keyword,price_usd,bundle
Alabama,Alabama Birding Life List Checklist Printable,alabama bird checklist printable,5.99,State Singles
Alaska,Alaska Birding Life List Checklist Printable,alaska bird checklist printable,5.99,State Singles
Arizona,Arizona Birding Life List Checklist Printable,arizona bird checklist printable,5.99,State Singles
Arkansas,Arkansas Birding Life List Checklist Printable,arkansas bird checklist printable,5.99,State Singles
California,California Birding Life List Checklist Printable,california bird checklist printable,5.99,State Singles
Colorado,Colorado Birding Life List Checklist Printable,colorado bird checklist printable,5.99,State Singles
Connecticut,Connecticut Birding Life List Checklist Printable,connecticut bird checklist printable,5.99,State Singles
Delaware,Delaware Birding Life List Checklist Printable,delaware bird checklist printable,5.99,State Singles
Florida,Florida Birding Life List Checklist Printable,florida bird checklist printable,5.99,State Singles
Georgia,Georgia Birding Life List Checklist Printable,georgia bird checklist printable,5.99,State Singles
Hawaii,Hawaii Birding Life List Checklist Printable,hawaii bird checklist printable,5.99,State Singles
Idaho,Idaho Birding Life List Checklist Printable,idaho bird checklist printable,5.99,State Singles
Illinois,Illinois Birding Life List Checklist Printable,illinois bird checklist printable,5.99,State Singles
Indiana,Indiana Birding Life List Checklist Printable,indiana bird checklist printable,5.99,State Singles
Iowa,Iowa Birding Life List Checklist Printable,iowa bird checklist printable,5.99,State Singles
Kansas,Kansas Birding Life List Checklist Printable,kansas bird checklist printable,5.99,State Singles
Kentucky,Kentucky Birding Life List Checklist Printable,kentucky bird checklist printable,5.99,State Singles
Louisiana,Louisiana Birding Life List Checklist Printable,louisiana bird checklist printable,5.99,State Singles
Maine,Maine Birding Life List Checklist Printable,maine bird checklist printable,5.99,State Singles
Maryland,Maryland Birding Life List Checklist Printable,maryland bird checklist printable,5.99,State Singles
Massachusetts,Massachusetts Birding Life List Checklist Printable,massachusetts bird checklist printable,5.99,State Singles
Michigan,Michigan Birding Life List Checklist Printable,michigan bird checklist printable,5.99,State Singles
Minnesota,Minnesota Birding Life List Checklist Printable,minnesota bird checklist printable,5.99,State Singles
Mississippi,Mississippi Birding Life List Checklist Printable,mississippi bird checklist printable,5.99,State Singles
Missouri,Missouri Birding Life List Checklist Printable,missouri bird checklist printable,5.99,State Singles
Montana,Montana Birding Life List Checklist Printable,montana bird checklist printable,5.99,State Singles
Nebraska,Nebraska Birding Life List Checklist Printable,nebraska bird checklist printable,5.99,State Singles
Nevada,Nevada Birding Life List Checklist Printable,nevada bird checklist printable,5.99,State Singles
New Hampshire,New Hampshire Birding Life List Checklist Printable,new hampshire bird checklist printable,5.99,State Singles
New Jersey,New Jersey Birding Life List Checklist Printable,new jersey bird checklist printable,5.99,State Singles
New Mexico,New Mexico Birding Life List Checklist Printable,new mexico bird checklist printable,5.99,State Singles
New York,New York Birding Life List Checklist Printable,new york bird checklist printable,5.99,State Singles
North Carolina,North Carolina Birding Life List Checklist Printable,north carolina bird checklist printable,5.99,State Singles
North Dakota,North Dakota Birding Life List Checklist Printable,north dakota bird checklist printable,5.99,State Singles
Ohio,Ohio Birding Life List Checklist Printable,ohio bird checklist printable,5.99,State Singles
Oklahoma,Oklahoma Birding Life List Checklist Printable,oklahoma bird checklist printable,5.99,State Singles
Oregon,Oregon Birding Life List Checklist Printable,oregon bird checklist printable,5.99,State Singles
Pennsylvania,Pennsylvania Birding Life List Checklist Printable,pennsylvania bird checklist printable,5.99,State Singles
Rhode Island,Rhode Island Birding Life List Checklist Printable,rhode island bird checklist printable,5.99,State Singles
South Carolina,South Carolina Birding Life List Checklist Printable,south carolina bird checklist printable,5.99,State Singles
South Dakota,South Dakota Birding Life List Checklist Printable,south dakota bird checklist printable,5.99,State Singles
Tennessee,Tennessee Birding Life List Checklist Printable,tennessee bird checklist printable,5.99,State Singles
Texas,Texas Birding Life List Checklist Printable,texas bird checklist printable,5.99,State Singles
Utah,Utah Birding Life List Checklist Printable,utah bird checklist printable,5.99,State Singles
Vermont,Vermont Birding Life List Checklist Printable,vermont bird checklist printable,5.99,State Singles
Virginia,Virginia Birding Life List Checklist Printable,virginia bird checklist printable,5.99,State Singles
Washington,Washington Birding Life List Checklist Printable,washington bird checklist printable,5.99,State Singles
West Virginia,West Virginia Birding Life List Checklist Printable,west virginia bird checklist printable,5.99,State Singles
Wisconsin,Wisconsin Birding Life List Checklist Printable,wisconsin bird checklist printable,5.99,State Singles
Wyoming,Wyoming Birding Life List Checklist Printable,wyoming bird checklist printable,5.99,State Singles
